"id","title","product_type","created_at","published_at"
"12927633311","6d1eeb39ae340f8d01d93779f80595ed","Dress","2016-08-18","2016-08-18"
"12927632095","0e6e45ad42707e9732119f4b98aec7ce","Bomber","2016-08-18","2016-08-18"
"12927625695","27d598cb953eff3667f7d051fe795284","Shirts","2016-08-18","2018-02-05"
"12928059103","fb337868ffefe5e008e8dc6d6a4f283a","Blazer","2016-08-18","2016-08-18"
"12927632799","d57bc87aca919b4758da6974cdf607fa","Hooide","2016-08-18",""
"12927629215","5cfd6c4e00b25e6dec5538928206b7b8","Tunic","2016-08-18",""
"12927634975","91dede8aa84fdd4fd3d5da19c9848199","Blouse","2016-08-18",""
"12927690655","07dd8ba2ccadf3f3766750f10f6d05b5","Shirts","2016-08-18",""
"375446050301","370c983ec6b3e3f7a94739859cfe75e3","Skirt","2016-11-14","2018-02-05"
"12928053087","de4c8a0646a7256c8e8e3c227fee532c","Top","2016-08-18","2016-08-18"
"12928059295","fb337868ffefe5e008e8dc6d6a4f283a","Blazer","2016-08-18","2016-08-18"
"408409576957","9d61e9e33d9115c942401a42e3983972","TANK","2016-12-15","2016-12-18"
"12928054559","150c8bf225f2a5d44ba37fc8082d0341","Top","2016-08-18","2016-08-18"
"12928055455","150c8bf225f2a5d44ba37fc8082d0341","Top","2016-08-18","2016-08-18"
"375446246909","57bb187e768fe2c723d6becbde0a2045","Bomber","2016-11-14","2016-11-16"
"375446312445","bbdf770a3c5c872593a855bceb47131a","Top","2016-11-14","2016-11-16"
"12928056799","31f1dee05c0e690bd2e61506125a2c16","Tousers","2016-08-18","2016-08-19"
"12928057695","231e98bdfbc88d4fee9b5a4e5d7e60ff","Sweater","2016-08-18",""
"12928057823","45838068dffd63d1c972b89c345bafc9","Cardigan","2016-08-18",""
"12928055775","bede8c8f4e3c9c9d9a061d9a8d086cdc","Trousers","2016-08-18","2016-08-18"
"12928058591","798697e5201daa230e402470ea30dace","Blazer","2016-08-18","2018-02-05"
"375446443517","9d32d53945a1c75cd89922487b013778","Top","2016-11-14","2016-11-16"
"375446574589","4b9c1566b194825f4dbdf580df216fbd","Jumpsuit","2016-11-14","2016-11-16"
"12928059999","f31b09ee628b8950c3aedc57699710c3","Skirt","2016-08-18","2016-08-18"
"12928089119","bede8c8f4e3c9c9d9a061d9a8d086cdc","Trousers","2016-08-18","2016-08-18"
"12928101343","6a67f1ed5464094705768a90a55d142b","Skirt","2016-08-18",""
"12950530079","08bbf9d4710e8bdbfd07c763ecb2f9e3","Jumpsuit","2016-08-21",""
"375446869501","db61cd37759bddfdb1d6b8f95f65f715","Top","2016-11-14",""
"353352455677","e6bc658d1d1b80a5b522ad370116a2c9","Gift Card","2016-11-03",""
"408409708029","848681e506d6517a20a02ccbe1c5203d","Dress","2016-12-15","2016-12-18"
"408409675261","14f1335858c7f0688c99a82a0cfaef91","Top","2016-12-15","2016-12-18"
"375446738429","51d7c1df0479ada02afd47fe4381e1a9","Top","2016-11-14","2016-11-16"
"375446771197","35087fa2afbf3ce28a0b86f67bf266ab","Skirt","2016-11-14","2016-11-16"
"375446803965","a263629b0725b252fe2e26e6a237ece8","Dress","2016-11-14",""
"12950763615","137f6f9e2b680783826207024a6c1b99","Dress","2016-08-21","2016-08-21"
"375446902269","e851f428e41c161eeebcfb5210efb52c","Top","2016-11-14","2016-11-16"
"408409740797","d785ecb0aeb9beeac498204f220b6fe2","Dress","2016-12-15","2016-12-18"
"375446345213","abb399f0d19ee0e4816da2d0cb737305","Trousers","2016-11-14","2016-11-16"
"408409773565","b8b72ef54253682ab235685c7fad31a5","Skirt","2016-12-15","2016-12-18"
"408409871869","c0804787db3bc674d23bb5c09f84eddb","hoodie","2016-12-15",""
"521264043517","8c6c58db6ab8e1c9b1f02f39bcd35323","Top","2017-02-28","2017-03-02"
"408409937405","2021f341f39c176ef24cea5b5439b219","Sweater","2016-12-15","2018-02-11"
"521264076285","5c2e8d4b016066d7bc62e0ac8e1e0d22","Trousers","2017-02-28","2017-03-02"
"521263551997","700ca0f79e7ec437488f5aa3a5d986ea","Sweater","2017-02-28","2017-03-02"
"521263453693","3b7705309672a1901cb32f45af845e19","Jacket","2017-02-28","2017-03-02"
"521263519229","53cfb5c8b3bd3cecaebc215ed6bbd01f","Blouse","2017-02-28","2017-03-02"
"521263683069","5d7aa28f2cc625067b4a535cfd70e4cb","Skirt","2017-02-28","2017-03-02"
"719244039677","303f9a165033c314e706c388677dca44","Dress","2017-05-23","2017-05-31"
"521264174589","5b8ecd13afb8fefce84a4735e2f01eb0","Top","2017-02-28","2017-03-02"
"521263584765","85f63510e48d7ffe668b4fd57dcde613","Jacket","2017-02-28","2017-03-02"
"521263650301","68d46a0dce2cf432f702c33a6adf2559","Trousers","2017-02-28","2017-03-02"
"521263715837","8e92462d789dd894638ea505a7e5c3e0","Blouse","2017-02-28","2017-03-02"
"828573455869","9d32d53945a1c75cd89922487b013778","Top","2017-07-18","2016-11-16"
"521263814141","78c3e221f080c1435a658888c53c436f","Dress","2017-02-28","2017-03-02"
"521263846909","9f4bcf2a33cd2602a55b89e9f4661353","romper","2017-02-28","2017-03-02"
"521264141821","f007192e8186bc518a1a6e136eee3510","Shorts","2017-02-28","2017-03-02"
"521264207357","2f8036b1dd722e58c23f478b6438634a","Top","2017-02-28","2017-03-16"
"521264305661","9c42d00d31c724c9beea117b69dab408","Dress","2017-02-28","2017-03-02"
"521264403965","e43f81b70c963dbfb7b2684c2c40b431","Shirts","2017-02-28","2017-03-15"
"933949019645","e1046b717c69da07fdc2e6655c4a5ca9","Sweater","2017-09-25","2017-10-04"
"719243482621","cbb844708cc14d2fc31650d78fe3b0f0","Shorts","2017-05-23","2017-05-31"
"933950395901","7dd9962288c2986b850a31d06c782999","Top","2017-09-25","2017-10-04"
"719242630653","a55d7a5e8098e385e934382805136b44","Dress","2017-05-23",""
"933950494205","cfe006d722a727c9a70618fb8585dd8f","Dress","2017-09-25","2017-10-04"
"719242761725","2db8af033406b6667239b4f8beea9b46","Shirts","2017-05-23",""
"719243056637","d7284ae00cc7f1e875d42ddcc44b2972","Top","2017-05-23","2017-05-31"
"719243711997","07c761f430e10809e29576e94ec86d4b","Skirt","2017-05-23","2017-05-31"
"719243908605","b6f0313e41357b41d11d750cc1bb7a25","Jumpsuit","2017-05-23","2017-05-31"
"719243974141","eb2023dc36581a3abd7afb7c4d60e38e","Top","2017-05-23","2017-05-31"
"719244006909","d6db1891c997a68ef30f37dd773b722b","Shorts","2017-05-23","2017-05-31"
"521263977981","f8a70eddaf017cac3768032915bec9ed","Blouse","2017-02-28","2017-03-02"
"850182313469","c5cee20988fc214181a9862844946b13","Top","2017-08-03","2017-08-09"
"719244105213","e0eabb76f68104ff1038dfcbf33aeeaf","Dress","2017-05-23","2017-05-31"
"719243187709","118b02a6865c9665117c5b4fe97805e0","Dress","2017-05-23","2017-05-31"
"719243253245","f4a18f23385eeb76f839e2d7f345987c","Top","2017-05-23","2017-05-31"
"933948036605","b820f1950fd2be407c5e466077975093","Sweater","2017-09-25","2017-10-04"
"933948593661","9f6137b576259530d727918871687c76","Skirt","2017-09-25","2017-10-04"
"933949445629","ccaa26ff10c59aa0c0294f50c0dfeb00","Blazer","2017-09-25","2017-10-04"
"521264240125","ef6882a10eb3bc07c9c67861bea79018","Blouse","2017-02-28","2017-03-02"
"933950559741","8a68d2dd6b87c9f949c839dbb4b5c605","Top","2017-09-25","2017-10-04"
"1007443056125","58ecd7af1b2208122cad018c05770bfc","Blouse","2017-11-06","2017-11-15"
"850181920253","66485d8d190483f2b88c9832912750e6","Sweater","2017-08-03","2017-08-09"
"850181953021","33c0e2bf5804d246182574d265f99d7c","Top","2017-08-03","2018-02-27"
"1007443187197","12956b195cb903bd8f73bf86afde0606","mini","2017-11-06","2017-11-15"
"719244170749","dbc038ab4263b3db84b57cac876dcea0","Dress","2017-05-23","2017-05-31"
"850182706685","62b711176336e9332fe5b75c342c5052","Blazer","2017-08-03","2018-02-11"
"1007443219965","90d1f444f329f64fac0026b99e446d3e","Jacket","2017-11-06","2017-11-15"
"850182903293","564645fd9ad3b5cbba851d6ccfcf6878","Top","2017-08-03","2017-08-09"
"1007443285501","c2b341b295b6596ae38d1555e70c2367","mini","2017-11-06","2017-11-15"
"719244301821","e8edfdb4500a4b31a53c8f7fccac73f3","Dress","2017-05-23","2017-05-31"
"719244334589","32452ccfda544270bec4473a279b1bb5","Dress","2017-05-23","2017-05-31"
"719244367357","2d4473e1a3405581d8774765d0c71740","Shirts","2017-05-23","2018-03-13"
"1007443318269","092ec4ed8be6836505be97a003891f4f","Blouse","2017-11-06","2017-11-15"
"719242860029","4c3b91e145176e316e0152382d71135a","Bodysuit","2017-05-23","2017-05-31"
"933948823037","cf9d9810cc3f1f000f445d358b01500d","Trousers","2017-09-25","2017-10-04"
"719242958333","0241ebc0c6649e7363413200c9f0c6c1","Dress","2017-05-23","2017-05-31"
"12928059807","bd494c92454e18e1b72216a167e554f3","Top","2016-08-18","2016-08-18"
"1007443416573","aea098a288d540264de0b6ef1407cc78","Blazer","2017-11-06","2017-11-15"
"850182018557","c00e24f7f7fcbe9a55ddaa523f5ad9f3","Skirt","2017-08-03","2017-08-09"
"1007443482109","916ea00ecc757f42c9b54ee0472ec388","mini","2017-11-06","2017-11-15"
"850182051325","52c36d40f6d43eea96e521ce1a1c5b83","","2017-08-03",""
"850182084093","f8bfd531c69017fdbef27e55654cfcbb","Top","2017-08-03","2017-08-09"
"850181854717","eb81009eac65eafaa25cd047fbab8add","","2017-08-03",""
"1007443547645","6d3a92d5d39fd56b656156097237a619","crop top","2017-11-06","2017-11-15"
"850182149629","6837c117455cf642b1cc3af972868ca3","Sweater","2017-08-03","2017-08-09"
"1007443645949","955081906fdf3a8f96a74a857928dcc9","mini","2017-11-06","2017-11-15"
"1007443678717","d86991475a4d9011e9f312baa71deedf","mini","2017-11-06","2017-11-15"
"1007443744253","98d5465ede9df1d7d421345da02de0f7","Top","2017-11-06","2017-11-15"
"375446279677","45739cfa9d71ca17502221313b7eb428","Top","2016-11-14",""
"1007443842557","0e3de928c338354d348cbb439b5e5d2a","Trousers","2017-11-06","2017-11-15"
"1007443908093","2f39395e607adaaa3795a9579bfe067e","Top","2017-11-06","2017-11-15"
"850182346237","ff4c94a4f9dfa83e85297ce453cb6034","Top","2017-08-03","2017-08-09"
"1007443973629","53f7f9325d4f0ba325cefa54db291012","Trousers","2017-11-06","2017-11-15"
"850182411773","46347c9b2ee05b2302d0aacc729b0af6","Top","2017-08-03","2017-08-09"
"850182444541","2da3f3757c1e0e0f0d4cfd8129224bf4","Trousers","2017-08-03","2017-08-09"
"1007444039165","7d7a1bf6edaf448c6adf3c34cb3ca9c6","Skirt","2017-11-06","2017-11-15"
"850182215165","c4c725289f963b44e4e8df249bb4e657","Skirt","2017-08-03","2017-08-09"
"850182641149","95ebf1f52077976d9a66e6270ac2695d","Jacket","2017-08-03","2017-08-09"
"850182673917","0d19fd612ecca700e6ef3ee7e1769a42","Blazer","2017-08-03",""
"850182280701","1214a20f010c0156eccf22c3c09273bd","Trousers","2017-08-03","2017-08-09"
"1007444071933","45874dc8db7787c92e7e2884b0f2155e","crop top","2017-11-06","2017-11-15"
"850182837757","3f18bc2243d4439bcb642591f8bd9431","Shorts","2017-08-03","2018-02-11"
"1007444137469","8ef77e13b8750bc7c92cb824603be47d","Trousers","2017-11-06","2017-11-15"
"850182968829","29fb62d75e11024bdb22f4336516b669","Skirt","2017-08-03","2017-08-09"
"850183034365","4e9fa2600c6ec37f6e3674fe48c9b5d4","Trousers","2017-08-03","2017-08-09"
"933949380093","d5133207fa9f4403b69b5abc4779d156","Blazer","2017-09-25","2017-10-04"
"850183132669","ee98c15fbc430d2f914634d34913a2fc","Dress","2017-08-03","2017-08-09"
"850183165437","464bba312e74f58421fd54e785295e6f","Blazer","2017-08-03","2017-08-09"
"1007444203005","50b25a365fbf5392b63efc25317ca8f0","Jacket","2017-11-06","2017-11-15"
"850183296509","87b8496f78cef8e38257dbbc1afbe647","Trousers","2017-08-03","2017-08-09"
"850183525885","e8173e196d7c5b5da3c1dd39ea1a6e7c","Top","2017-08-03","2017-08-09"
"850183689725","10935fa9552d7515819010a176f70a82","Dress","2017-08-03","2017-08-09"
"850183788029","fdc3f892b388f8ae4d2cd41ab8220dfb","Top","2017-08-03","2017-08-09"
"850183886333","63b3df4a9ab5f3fedae01c9696eb9e7b","Top","2017-08-03","2017-08-09"
"933947741693","8fb5967a06905070d4f44d2c7f8d648e","Top","2017-09-25","2017-10-04"
"933947905533","8c83541e9c1e7d0248199b59b078d83a","Top","2017-09-25","2017-10-04"
"933949216253","99e76aca687f5ca52ad24c15506f1e80","Jacket","2017-09-25","2017-10-04"
"933950297597","be9ea40208bf7147a6bbb4737ba85255","Trousers","2017-09-25","2017-10-04"
"933948265981","8608d87bbe52901d7f5571577ef78089","Top","2017-09-25","2018-03-13"
"1183021864445","ac194080b5d2ff1d9bd4a506d42f8b97","Shorts","2018-03-08","2018-03-14"
"933948888573","dcc0053fc539128e39a40306458636d6","Top","2017-09-25","2017-10-04"
"933948954109","0cd45c4a584806517f8206bff65d419d","Top","2017-09-25","2017-10-04"
"933949642237","1578a5f1271af486207cea64899bb9a6","Trousers","2017-09-25","2017-10-04"
"933949773309","082381794c332c9d406c2ee4a5438d53","Jacket","2017-09-25","2017-10-04"
"933949871613","05bfa6ae37a7e12fd22dcc33fb808520","Jumpsuit","2017-09-25","2017-10-04"
"933949937149","88834725b387fa766ede50758a56ffb5","Top","2017-09-25","2017-10-04"
"933950002685","0c3096ae56e871c8bbef12a8d8b63aae","Jacket","2017-09-25","2017-10-04"
"12928053407","89c0d5182f824676f605aac9b4b1c62f","Skirt","2016-08-18","2016-08-18"
"933950658045","d18998a7591ddd56bd18c90fc58fa3b4","Top","2017-09-25","2017-10-04"
"933950789117","784351acecffb69e8ec9e84fd473e51b","Top","2017-09-25","2017-10-04"
"949499696637","ebdf6d4b12521f9c49d3c190e5e597f6","Top","2017-10-04","2017-10-04"
"1183022388733","325cf63764ffaaf377f3d3e818a1f320","crop top","2018-03-08","2018-03-14"
"12928051871","0b887ac0ac64eaef0dc99575a02e20ff","Jacket","2016-08-18","2016-08-18"
"12927630431","c1fe93a739e6b8957afa6642c357aac2","Bodysuit","2016-08-18","2018-02-11"
"1007443777021","16130833f386556676b421ff4322c4eb","","2017-11-06",""
"1183022454269","ac9c7c0c5f35566905ca0b5c75d01ebd","Shorts","2018-03-08","2018-03-14"
"12928056415","6e99962c857c1559884197aa56a4258a","Pullover","2016-08-18",""
"375446541821","fe8aa78e482a59c17b9aa2de3942656a","TANK","2016-11-14","2016-11-16"
"408409609725","73541d703391c8056c51f7cb1854cf29","Dress","2016-12-15","2016-12-18"
"408410035709","626c413873ec17bff4e6ef1f11111027","Cardigan","2016-12-15","2016-12-18"
"521263781373","7b67c8b10e010172f08997e67f311fd3","Top","2017-02-28","2017-03-02"
"521263912445","f6870e4a1d7a5a58cc2cf876d1f960c5","Jacket","2017-02-28","2017-03-02"
"1021116519933","e43f81b70c963dbfb7b2684c2c40b431","Shirts","2017-11-15",""
"521264010749","7003372947be0de69129f016f9586ce5","Dress","2017-02-28","2017-03-02"
"719242991101","214d5bf320a27cdbf8c67c12674bbcbe","Top","2017-05-23","2017-05-31"
"521264371197","9cd2bdb6922a4edcdeb20212b436fb0a","Shirts","2017-02-28","2017-04-09"
"719243089405","bd28555eecec6bc9dd99b3f8c89c5edc","Top","2017-05-23","2017-05-31"
"719242892797","53b47271c43bfa2335be1edd3260b941","Top","2017-05-23","2017-05-31"
"375446148605","0cfda2a20fbd37663c2a7cb0cee61983","Trousers","2016-11-14","2016-11-16"
"719244072445","901b00283d9131f37df6cc4ad7a4b2f1","Dress","2017-05-23","2017-05-31"
"850182542845","877795e3c1a83bff69dc1e2994b5b781","Jacket","2017-08-03","2018-03-13"
"12928058271","08bbf9d4710e8bdbfd07c763ecb2f9e3","Jumpsuit","2016-08-18",""
"850183198205","877089ec599bbf324e7ef8188fabefde","Skirt","2017-08-03","2017-08-09"
"850183394813","2566d29c44970f22aabc2706ee273458","Top","2017-08-03","2017-08-09"
"933950133757","f29f451531a583e50af236a9a23d56f0","Top","2017-09-25","2017-10-04"
"1028373288445","2db8af033406b6667239b4f8beea9b46","Shirts","2017-11-20","2017-05-31"
"719243810301","b667e737940d54eb5264dc0b37826d23","Shorts","2017-05-23","2017-05-31"
"736737990141","d0859dad02806e8286d21d0ada92bf11","Trousers","2017-05-30","2017-05-31"
"1192347801085","c687f738c574a194291645b5bd4de10b","TANK","2018-03-14","2018-03-14"
"12928054111","d33a526add2e3d0b4f99730dc260dda6","Blouse","2016-08-18","2016-08-18"
"850183067133","f2a92af082dbdf64572a49d63d599162","Top","2017-08-03","2017-08-09"
"850183984637","6300cab3ffd45d190b137a0a085bb8f1","Top","2017-08-03","2017-08-09"
"933947577853","dd629964c7f8cfe1ed53205e192bafde","Sweater","2017-09-25","2017-10-04"
"375446115837","640a203c4db6ca5aa608ad5979278b0f","Hooide","2016-11-14",""
"933948757501","0cfda2a20fbd37663c2a7cb0cee61983","Trousers","2017-09-25","2017-10-04"
"408409839101","243ea6c2022ce68d55836c27b733ea5c","Top","2016-12-15","2016-12-18"
"933949543933","928032275d01fbe3377164c58255f073","Trousers","2017-09-25","2017-10-04"
"408409904637","336c7e9af4bcb25f6296193016fef0c1","Dress","2016-12-15","2016-12-18"
"719242663421","68949c28197ddd241772ff0dd0ad1d9e","Top","2017-05-23","2017-05-31"
"719242794493","20e58261732b9c1a3678aeda61e58499","hoodie","2017-05-23","2017-05-31"
"719243122173","e34c577f1f140a17ecdd2fe81920e988","Top","2017-05-23","2017-05-31"
"719243154941","79a6fc730a728fa2860650cedd0d8bf9","Jumpsuit","2017-05-23","2017-05-31"
"719244137981","add304b7d03e9b3d69a68baaff644ae7","Dress","2017-05-23","2017-05-31"
"719244236285","2f213854913be17a393421ccf9d391db","Top","2017-05-23","2017-05-31"
"719244269053","cb2e789d4bba67c4c58cd9227e555005","Shorts","2017-05-23","2017-05-31"
"719244465661","110b83fe50605c6e2158f3e05e4c2349","Trousers","2017-05-23","2017-05-31"
"828579747325","5d0d977a7a42bdd0ba271429727ac791","Shirts","2017-07-18","2017-07-19"
"850182379005","cf93c67b7082787bcba68d822b09be5f","Dress","2017-08-03","2017-08-09"
"933950068221","ea775fe8cc5b232d058190ca4ad7bc6c","Jacket","2017-09-25","2017-10-04"
"933950854653","9d20165d00c3c78d7bb2d1d54a8cae9b","Sweater","2017-09-25","2017-10-04"
"12928051359","507e8af12acd13d29105fdfe38dd8434","Dress","2016-08-18","2016-08-19"
"375446083069","f920f0d83b20efc9c4d918290a9ce7c4","hoodie","2016-11-14","2018-03-13"
"375446377981","cc78914da41ed73deea3b409e307b11d","Top","2016-11-14","2016-11-16"
"375446705661","a350494c0033885ce70b64d3c5765e22","Hooide","2016-11-14","2018-02-11"
"408409642493","9a2bb07fe1c6d3e2e6562b6693adc105","Jacket","2016-12-15","2016-12-18"
"1007443351037","1ba32104b9752065b49c0f5e3c30e6ee","mini","2017-11-06","2017-11-15"
"1007443580413","3092b77e17d6ab4ab72ad2ac082e9dba","Trousers","2017-11-06","2017-11-15"
"1007444006397","1f0ffcfc9deaf871bc362da4ffbc73d9","Jacket","2017-11-06","2017-11-15"
"1021062583805","640a203c4db6ca5aa608ad5979278b0f","Hooide","2017-11-15","2016-11-16"
"1028379448829","45739cfa9d71ca17502221313b7eb428","Top","2017-11-20","2016-11-16"
"719242925565","287abfa2b9c3c246dc7337869c3f8a4c","Shirts","2017-05-23","2017-05-31"
"719243023869","32ea8dd67a578865da0b23aee245f863","Top","2017-05-23","2017-05-31"
"1183021766141","745e43480b46b959a73fa1f6989e5a25","Blazer","2018-03-08","2018-03-14"
"719243384317","50b1882e8368df8e01dea86ae5ea56e8","Skirt","2017-05-23","2017-05-31"
"1183021798909","66af53bd68b9939f8e6255f1705c3d68","Pants","2018-03-08","2018-03-14"
"719244203517","c59ecdb12257ea569f8aca0b6cd65833","Bodysuit","2017-05-23","2017-05-31"
"828573914621","29e1ae6e4f56bb66f9caacdd14d2ece1","Shirts","2017-07-18","2017-07-19"
"828584465917","d97c363b0432fb04554edb66b70e88b8","Shirts","2017-07-18","2017-07-19"
"850182116861","c5594e1b9461ba3622c5180e2d0d2402","Sweater","2017-08-03","2017-08-09"
"850182510077","6259d1bef5a9181e85ffc9c569045a57","Trousers","2017-08-03","2017-08-09"
"850182575613","9d3b92c33912fe46c96895df2aed4d5d","Dress","2017-08-03","2017-08-09"
"1183021831677","7c3dcaa0a566e7fe2dde8b168654fa05","mini","2018-03-08","2018-03-14"
"933948429821","9e8bf86720f138921fe2703f495cdceb","Sweater","2017-09-25","2017-10-04"
"1183021929981","c29a3e0e349edf302165e11eab99c6d4","Blazer","2018-03-08","2018-03-14"
"933949281789","da9d3c23d93a20881dc1e90504049fdb","Sweater","2017-09-25","2017-10-04"
"933950232061","4d9e6ffcde57c56c264cd3a9fef307b0","Trousers","2017-09-25","2017-10-04"
"1021055178237","f4a18f23385eeb76f839e2d7f345987c","Top","2017-11-15","2017-05-31"
"1183021962749","2a8d0c258fcfa0d9433dd3722405d3d6","Jumpsuit","2018-03-08","2018-03-14"
"1183021995517","529e50c6455ea38278a17b7589683aae","crop top","2018-03-08","2018-03-14"
"1183022028285","99c89e7b59e091f743a007d3a3fd4259","crop top","2018-03-08","2018-03-14"
"1183022061053","fd3030ca110c77ac004d3dfefb8c3152","Jacket","2018-03-08","2018-03-14"
"1183022093821","d7df22ca607209fbfd69f7599a572934","Pants","2018-03-08","2018-03-14"
"1183022126589","b045ebe06ca6c1c02be45eb848424ba0","Jacket","2018-03-08","2018-03-14"
"1183022159357","590685445a2809f53956dd4cea2cdf4d","Blouse","2018-03-08","2018-03-14"
"1183022257661","fba9971d431a222913bfc5fbd68c5126","Top","2018-03-08","2018-03-14"
"1183022290429","5a7bd0d63534b49754879453192b8904","TANK","2018-03-08","2018-03-14"
"1183022323197","8c01cca10b5f9b5d1c947c04dddf4881","mini","2018-03-08","2018-03-14"
"1183022355965","ad62f1d83d12f576c244936130a4f8e4","mini","2018-03-08","2018-03-14"
"1183022487037","f4eb8a0ff8380d9ca4d4c4cccebfe23a","mini","2018-03-08","2018-03-14"
"1183022519805","84155b7b86bcc4d0dd3438dda3e544e2","maxi","2018-03-08","2018-03-14"
"1183022552573","b54b876f1c40307333487c84b6e27356","midi","2018-03-08","2018-03-14"
"1192347768317","1b8c24fa06b079b9743e2e8f273f7f39","Accessory","2018-03-14","2018-03-14"
"1194113570301","e7ce57994cf7fa268d433a5337ccaf49","","2018-03-15","2018-03-15"
"828546225661","178598ea642cd5920fe999ef655af296","Shirts","2017-07-18","2017-07-19"
"828560446973","178598ea642cd5920fe999ef655af296","Shirts","2017-07-18","2017-07-19"
"829525333501","9f4bcf2a33cd2602a55b89e9f4661353","romper","2017-07-19","2017-03-02"
"933949183485","4ef6b2ed29f8266613f3bc39871f82ac","","2017-09-25",""
