"index","date_day","page_views","sessions","product_detail_views","product_checkouts","product_adds_to_carts","avg_session_in_s"
0,"2016-08-17",204,6,0,0,0,2374.16666666667
1,"2016-08-18",661,27,0,0,0,1632.11111111111
2,"2016-08-19",241,12,0,0,0,1891.25
3,"2016-08-20",534,23,0,0,0,1557.95652173913
4,"2016-08-21",10276,4946,0,0,0,73.4704811969268
5,"2016-08-22",625003,146860,175257,5639,10851,142.40783739616
6,"2016-08-23",220707,61654,58940,761,1817,106.161449378791
7,"2016-08-24",93694,27182,24935,256,638,98.9996688985358
8,"2016-08-25",63927,15239,19167,901,1826,130.41085373056
9,"2016-08-26",55625,14209,16618,443,1225,117.764585825885
10,"2016-08-27",42933,11929,12505,224,672,105.980635426272
11,"2016-08-28",27736,7651,8172,175,437,110.083387792445
12,"2016-08-29",36569,10507,9810,149,422,104.446559436566
13,"2016-08-30",24199,6933,6815,124,321,100.306072407327
14,"2016-08-31",27489,8012,7400,163,418,97.9539440838742
15,"2016-09-01",24055,6069,7060,172,413,116.116658428077
16,"2016-09-02",17777,4349,5204,129,341,126.765463324902
17,"2016-09-03",28085,7157,9960,207,496,113.503562945368
18,"2016-09-04",22366,5881,7683,141,378,112.280394490733
19,"2016-09-05",20853,5416,7245,104,341,106.616506646972
20,"2016-09-06",18099,4885,5744,107,321,106.720777891505
21,"2016-09-07",21162,5278,7173,273,530,122.976127320955
22,"2016-09-08",16088,4206,4701,227,461,113.059201141227
23,"2016-09-09",18114,4726,5386,142,390,108.075116377486
24,"2016-09-10",26704,6857,7530,197,607,114.341402945895
25,"2016-09-11",43085,11302,13697,531,1135,109.471332507521
26,"2016-09-12",21988,5996,6949,294,641,106.490493662442
27,"2016-09-13",21373,5250,6336,385,777,117.296761904762
28,"2016-09-14",13799,3428,4101,195,467,120.971120186698
29,"2016-09-15",16560,4614,4868,197,491,109.696575639358
30,"2016-09-16",23720,6169,6454,252,652,106.574485329875
31,"2016-09-17",19554,5209,5292,234,552,104.731810328278
32,"2016-09-18",16305,4177,4483,185,481,110.65525496768
33,"2016-09-19",15599,4133,4295,152,361,110.833051052504
34,"2016-09-20",13066,3431,3646,143,327,106.146604488487
35,"2016-09-21",14327,3913,3859,112,302,109.553028366982
36,"2016-09-22",10004,2502,2949,153,298,124.031574740208
37,"2016-09-23",8175,2222,2354,96,230,103.441944194419
38,"2016-09-24",10395,2805,2954,95,227,105.807130124777
39,"2016-09-25",10458,3229,3150,92,252,100.637039331062
40,"2016-09-26",9704,2936,2909,59,181,90.2213896457766
41,"2016-09-27",10542,2750,3068,225,392,128.732727272727
42,"2016-09-28",6305,1740,1634,111,231,116.550574712644
43,"2016-09-29",7700,2061,2023,116,213,107.445414847162
44,"2016-09-30",8368,2275,2242,79,199,102.870769230769
45,"2016-10-01",8188,2271,2271,97,205,108.309114927345
46,"2016-10-02",8449,2516,2451,93,289,93.3179650238474
47,"2016-10-03",14350,3857,5170,239,513,110.191081151154
48,"2016-10-04",42817,10682,12724,817,1478,111.07994757536
49,"2016-10-05",22020,5753,6592,428,792,106.472970624022
50,"2016-10-06",19361,4775,5298,411,694,117.91057591623
51,"2016-10-07",22130,5856,5865,321,619,95.9757513661202
52,"2016-10-08",22663,6586,7368,316,709,97.8378378378378
53,"2016-10-09",18409,5511,6049,210,484,100.43240791145
54,"2016-10-10",9486,2813,2961,131,242,102.198364735158
55,"2016-10-11",13770,3678,3818,170,400,112.194399129962
56,"2016-10-12",8710,2406,2605,112,264,112.458021612635
57,"2016-10-13",8094,2312,2426,106,265,105.416522491349
58,"2016-10-14",7661,2201,2375,102,239,99.3134938664244
59,"2016-10-15",9425,2833,2614,101,216,101.792799152842
60,"2016-10-16",10024,2946,2670,149,289,104.798710115411
61,"2016-10-17",8369,2463,2457,87,248,115.286236297199
62,"2016-10-18",6702,2142,1838,60,150,95.5247432306256
63,"2016-10-19",7813,2262,2092,121,245,105.888152077807
64,"2016-10-20",7667,2265,2088,73,194,102.644150110375
65,"2016-10-21",6573,1947,1745,68,171,108.213148433487
66,"2016-10-22",6322,1861,1717,77,163,93.690488984417
67,"2016-10-23",6805,2032,1768,76,144,96.7657480314961
68,"2016-10-24",26353,7680,6228,97,312,87.8826822916667
69,"2016-10-25",9425,2754,2449,73,164,99.4636891793755
70,"2016-10-26",6380,1783,1691,60,169,103.327537857543
71,"2016-10-27",5299,1543,1554,43,145,117.681140635126
72,"2016-10-28",4643,1383,1334,59,124,111.436731742589
73,"2016-10-29",7264,2228,2000,74,185,95.6377917414722
74,"2016-10-30",9078,3612,2414,60,170,68.7749169435216
75,"2016-10-31",4775,1597,1337,44,121,84.460237946149
76,"2016-11-01",5626,1914,1790,53,140,82.4049111807733
77,"2016-11-02",6158,2031,1807,58,159,82.274741506647
78,"2016-11-03",6117,2046,1494,48,101,79.5493646138807
79,"2016-11-04",5898,1867,1652,52,133,91.2121049812533
80,"2016-11-05",6422,2146,1878,62,114,88.4920782851817
81,"2016-11-06",4761,1568,1347,49,118,88.5873724489796
82,"2016-11-07",6312,2079,1610,63,118,100.708513708514
83,"2016-11-08",5135,1531,1339,56,111,102.739386022208
84,"2016-11-09",6041,1867,1688,47,131,113.631494376004
85,"2016-11-10",11117,3682,2577,112,207,90.164856056491
86,"2016-11-11",10166,3401,2714,80,196,91.2678623934137
87,"2016-11-12",6964,2307,1881,62,147,92.3307325530993
88,"2016-11-13",9089,3194,2289,61,170,88.745147150908
89,"2016-11-14",6218,2017,1596,46,141,106.576598909271
90,"2016-11-15",11025,3750,2156,113,221,92.6866666666667
91,"2016-11-16",226285,46927,65644,2001,4763,145.734374667036
92,"2016-11-17",137956,31815,34996,1644,4301,130.528587144429
93,"2016-11-18",83010,19976,20023,1078,2470,130.523378053664
94,"2016-11-19",43863,10681,10956,495,1290,124.033236588334
95,"2016-11-20",24639,6231,6168,311,677,127.978655111539
96,"2016-11-21",20515,5365,5167,194,454,118.497670083877
97,"2016-11-22",17995,4637,4113,155,420,121.446840629717
98,"2016-11-23",21761,5595,4867,176,525,144.520643431635
99,"2016-11-24",74652,16848,15930,1228,2370,130.485814339981
100,"2016-11-25",27871,6600,6059,332,662,121.477878787879
101,"2016-11-26",51538,11511,9707,516,1166,129.674050907827
102,"2016-11-27",105266,20656,23217,1840,3116,160.314194422928
103,"2016-11-28",24075,6767,4519,115,317,99.5062804787942
104,"2016-11-29",13520,3713,2829,75,217,110.088068946943
105,"2016-11-30",13795,4126,2790,55,203,99.8885118759089
106,"2016-12-01",11758,3141,2502,77,302,116.023559375995
107,"2016-12-02",12094,3271,2640,66,380,106.765820849893
108,"2016-12-03",12200,3469,2510,52,260,102.088498126261
109,"2016-12-04",13395,3776,2984,81,315,101.871027542373
110,"2016-12-05",12004,3370,2636,60,284,107.648961424332
111,"2016-12-06",10078,2827,2061,55,255,98.3707110010612
112,"2016-12-07",8432,2451,1980,41,240,116.250101999184
113,"2016-12-08",7403,2004,1758,41,209,120.724051896208
114,"2016-12-09",6241,1726,1417,43,167,106.013325608343
115,"2016-12-10",13350,3384,2814,92,346,116.212765957447
116,"2016-12-11",13866,3932,2790,77,383,106.574516785351
117,"2016-12-12",10234,2659,2184,44,255,116.066566378338
118,"2016-12-13",10305,2553,2270,79,324,131.488444966706
119,"2016-12-14",8509,2363,1995,63,273,108.484553533644
120,"2016-12-15",7454,1975,1848,55,204,115.746835443038
121,"2016-12-16",6599,1876,1559,51,202,99.6199360341151
122,"2016-12-17",11337,3262,1970,44,223,105.178724708768
123,"2016-12-18",82161,22793,21694,495,2059,107.272276576142
124,"2016-12-19",39923,10662,10714,290,1235,113.896736072032
125,"2016-12-20",22330,5939,5803,195,748,121.660717292473
126,"2016-12-21",13053,3579,3120,72,348,112.054763900531
127,"2016-12-22",9707,2591,2427,95,329,120.173292165187
128,"2016-12-23",17113,4507,3663,112,398,104.752607055691
129,"2016-12-24",16602,4357,4000,128,493,113.755106724811
130,"2016-12-25",13240,3496,3279,138,428,113.687643020595
131,"2016-12-26",10765,3118,2536,54,268,102.097498396408
132,"2016-12-27",8606,2420,2052,64,239,108.98305785124
133,"2016-12-28",7187,1991,1767,55,225,122.523857358111
134,"2016-12-29",6531,1870,1561,28,154,114.939037433155
135,"2016-12-30",6260,1884,1507,23,137,100.668259023355
136,"2016-12-31",6792,2035,1590,21,167,101.409336609337
137,"2017-01-01",24110,6207,4721,39,274,105.833091670694
138,"2017-01-02",13839,3679,2994,67,275,115.564283772764
139,"2017-01-03",9567,2800,2412,44,190,108.746071428571
140,"2017-01-04",10128,2701,2651,57,230,117.428730099963
141,"2017-01-05",8027,2395,1957,35,196,101.410438413361
142,"2017-01-06",8557,2442,2394,30,177,108.370188370188
143,"2017-01-07",10283,3007,2621,48,304,106.541735949451
144,"2017-01-08",9713,2820,2457,52,270,95.7705673758865
145,"2017-01-09",7505,2001,1793,37,150,124.305347326337
146,"2017-01-10",8715,2585,2200,69,258,102.513733075435
147,"2017-01-11",9498,2386,2353,58,236,132.607292539816
148,"2017-01-12",6208,1751,1576,42,179,119.676756139349
149,"2017-01-13",7954,2117,1943,38,173,113.752479924421
150,"2017-01-14",7517,1968,1834,47,223,116.327743902439
151,"2017-01-15",7182,1950,1827,28,149,111.647179487179
152,"2017-01-16",6365,1813,1612,28,157,116.370656370656
153,"2017-01-17",11675,2611,3295,124,385,158.445806204519
154,"2017-01-18",6776,1617,1851,50,233,142.152133580705
155,"2017-01-19",8190,2334,2082,66,266,115.484575835476
156,"2017-01-20",6030,1684,1585,39,207,111.676959619952
157,"2017-01-21",6690,1851,1704,61,239,104.957860615883
158,"2017-01-22",7932,2151,1986,55,205,112.938633193863
159,"2017-01-23",6565,2053,1488,50,123,84.0418899171944
160,"2017-01-24",6753,1898,1714,45,164,100.328240252898
161,"2017-01-25",8796,2531,2143,51,244,104.669300671671
162,"2017-01-26",8814,2374,2192,154,450,122.596040438079
163,"2017-01-27",7396,1849,1791,118,321,136.594916170903
164,"2017-01-28",7981,2159,1833,64,310,104.514590088004
165,"2017-01-29",9084,2531,2019,98,356,117.581588305018
166,"2017-01-30",6179,1698,1320,67,212,109.071260306243
167,"2017-01-31",5268,1456,1316,60,179,120.320054945055
168,"2017-02-01",4982,1491,1169,48,147,100.459423205902
169,"2017-02-02",9007,2577,2073,76,262,110.700814901048
170,"2017-02-03",7140,2007,1678,39,183,105.670652715496
171,"2017-02-04",7127,1925,1747,54,179,119.535584415584
172,"2017-02-05",6668,1900,1721,45,211,120.590526315789
173,"2017-02-06",7598,1986,1955,52,197,128.574521651561
174,"2017-02-07",6907,2060,1881,53,218,102.851941747573
175,"2017-02-08",5483,1633,1269,26,124,92.1408450704225
176,"2017-02-09",7171,2342,1930,38,176,90.1140051238258
177,"2017-02-10",5075,1510,1354,24,151,107.0
178,"2017-02-11",5700,1643,1441,20,185,100.050517346318
179,"2017-02-12",4987,1334,1204,35,144,120.155172413793
180,"2017-02-13",14787,3587,4000,234,584,141.858656258712
181,"2017-02-14",7434,1893,1888,119,297,137.274167987322
182,"2017-02-15",8021,2165,2170,42,244,107.625404157044
183,"2017-02-16",5123,1492,1415,33,123,106.739946380697
184,"2017-02-17",5539,1491,1473,21,140,121.007377598927
185,"2017-02-18",45067,10452,13742,870,2767,148.640068886338
186,"2017-02-19",33525,7643,9086,605,1819,145.2221640717
187,"2017-02-20",9589,2842,2040,47,187,97.8888106966925
188,"2017-02-21",6532,1902,1365,32,126,91.8880126182965
189,"2017-02-22",5688,1576,1285,47,156,115.164340101523
190,"2017-02-23",5157,1759,1231,25,115,84.1750994883457
191,"2017-02-24",4891,1393,1205,30,107,109.116295764537
192,"2017-02-25",5950,1593,1431,24,115,103.831763967357
193,"2017-02-26",7219,1916,1669,29,141,104.715553235908
194,"2017-02-27",5812,1529,1404,36,126,116.984303466318
195,"2017-02-28",24058,7230,8573,132,603,93.2936376210235
196,"2017-03-01",13578,3911,4409,53,338,98.0258245972897
197,"2017-03-02",9564,2536,2606,50,200,116.096608832808
198,"2017-03-03",6528,1863,1766,29,123,112.571121846484
199,"2017-03-04",8977,2340,2209,51,167,113.254700854701
200,"2017-03-05",8874,2374,2145,45,127,111.626790227464
201,"2017-03-06",8739,2363,2085,22,127,113.846381718155
202,"2017-03-07",12621,3275,3853,40,336,107.253740458015
203,"2017-03-08",10220,3348,3311,41,207,88.9964157706093
204,"2017-03-09",7521,1989,1978,38,177,113.967320261438
205,"2017-03-10",7277,1918,1913,40,168,112.679874869656
206,"2017-03-11",9764,2621,2311,31,155,107.16558565433
207,"2017-03-12",9138,2404,2203,41,157,119.394758735441
208,"2017-03-13",7328,1952,1879,29,157,116.373975409836
209,"2017-03-14",10415,2662,2690,30,253,114.567242674681
210,"2017-03-15",169100,31239,60816,1312,5700,182.593136784148
211,"2017-03-16",52608,10979,18414,368,1675,153.493487567174
212,"2017-03-17",31926,6492,10490,205,855,160.872612446087
213,"2017-03-18",27302,5701,8593,163,811,156.508507279425
214,"2017-03-19",24915,5511,7705,151,718,149.12084921067
215,"2017-03-20",16365,3602,5139,94,571,149.907551360355
216,"2017-03-21",66593,14967,26993,602,2875,164.660920692189
217,"2017-03-22",53524,12828,20582,545,2241,151.958372310571
218,"2017-03-23",22983,5524,8345,213,954,150.422338884866
219,"2017-03-24",24029,5587,7872,190,878,139.708609271523
220,"2017-03-25",24315,5718,7395,174,881,136.074326687653
221,"2017-03-26",19167,4438,6103,121,668,149.069400630915
222,"2017-03-27",17185,3873,5137,83,448,166.794990963078
223,"2017-03-28",12117,2887,3701,106,344,150.173536543124
224,"2017-03-29",36962,8641,9395,182,789,121.433398912163
225,"2017-03-30",43432,9932,11483,225,1080,132.019734192509
226,"2017-03-31",18955,4551,5396,95,614,134.001318391562
227,"2017-04-01",23434,5800,7147,138,671,134.541379310345
228,"2017-04-02",21327,5597,6437,111,626,126.952653207075
229,"2017-04-03",18053,4540,5371,178,653,135.022246696035
230,"2017-04-04",26238,6089,7254,190,866,145.10477910987
231,"2017-04-05",22138,5210,6129,211,754,146.800383877159
232,"2017-04-06",16278,3942,4541,95,442,137.136732623034
233,"2017-04-07",18969,4280,5218,119,565,146.673598130841
234,"2017-04-08",18465,4252,5378,122,590,141.133584195673
235,"2017-04-09",13889,3559,3758,83,417,130.444225906153
236,"2017-04-10",18245,4468,5351,227,684,134.168084153984
237,"2017-04-11",12691,3107,3798,110,396,135.921145799807
238,"2017-04-12",32171,5985,9308,642,1490,191.682873851295
239,"2017-04-13",15791,3406,4574,241,694,161.689078097475
240,"2017-04-14",13125,2769,3756,143,407,167.624052004334
241,"2017-04-15",14272,2990,3920,172,526,171.290301003344
242,"2017-04-16",10336,2581,2789,55,299,131.894614490508
243,"2017-04-17",23892,5276,6263,333,918,147.082638362396
244,"2017-04-18",10765,2693,3030,75,325,132.333457111029
245,"2017-04-19",15127,3695,4150,86,489,140.839242219215
246,"2017-04-20",11373,2700,2983,97,419,144.536296296296
247,"2017-04-21",9208,2122,2483,83,312,158.312441093308
248,"2017-04-22",11250,2826,3167,84,271,131.386765746638
249,"2017-04-23",11286,2913,2679,59,205,133.258496395469
250,"2017-04-24",12971,3214,3057,79,278,137.037647790915
251,"2017-04-25",12576,3100,3497,164,545,139.097419354839
252,"2017-04-26",13599,3275,3239,89,424,133.419847328244
253,"2017-04-27",7361,1844,2040,57,241,132.330260303688
254,"2017-04-28",7622,1868,2068,55,259,140.665417558887
255,"2017-04-29",11464,2996,3432,62,263,135.853137516689
256,"2017-04-30",9336,2511,2676,58,224,118.225806451613
257,"2017-05-01",12905,3291,3735,97,429,123.431479793376
258,"2017-05-02",8771,2254,2489,40,225,128.605590062112
259,"2017-05-03",49389,11549,15213,635,2573,154.32375097411
260,"2017-05-04",18492,4389,5540,210,754,142.073593073593
261,"2017-05-05",23617,5281,7530,269,894,145.084832418103
262,"2017-05-06",22419,5839,6808,189,822,120.905120739853
263,"2017-05-07",23936,6343,7185,285,914,123.842188239004
264,"2017-05-08",14382,3742,4251,150,458,125.806520577231
265,"2017-05-09",8334,2166,2261,36,183,133.129270544783
266,"2017-05-10",8072,2124,2043,44,182,115.156308851224
267,"2017-05-11",8542,2313,2100,21,101,112.41850410722
268,"2017-05-12",7816,2084,1968,22,162,114.934740882917
269,"2017-05-13",10637,2761,3073,23,213,119.303875407461
270,"2017-05-14",9201,2456,2574,14,123,118.989413680782
271,"2017-05-15",6616,1799,1756,23,132,117.941634241245
272,"2017-05-16",6733,1836,1617,17,86,108.409586056645
273,"2017-05-17",9378,2589,2242,38,192,112.861336423329
274,"2017-05-18",8173,2176,2053,34,148,116.590533088235
275,"2017-05-19",10207,2642,2825,60,226,110.495457986374
276,"2017-05-20",10779,2727,2758,41,195,116.55262192886
277,"2017-05-21",14789,3809,3376,30,242,133.406668416907
278,"2017-05-22",12594,2884,3067,115,310,152.591886269071
279,"2017-05-23",9609,2408,2178,60,194,139.232973421927
280,"2017-05-24",7576,1900,1862,54,255,138.747894736842
281,"2017-05-25",6990,1793,1639,19,125,125.374233128834
282,"2017-05-26",6078,1640,1488,29,146,108.982926829268
283,"2017-05-27",11416,3176,2826,72,295,114.439546599496
284,"2017-05-28",20640,5630,4135,141,396,105.872113676732
285,"2017-05-29",7809,2256,2026,32,132,115.874556737589
286,"2017-05-30",10885,2878,2348,16,161,123.099027102154
287,"2017-05-31",187239,32166,60005,1852,9450,218.005222906174
288,"2017-06-01",81633,16234,25882,733,3408,182.216890476777
289,"2017-06-02",52208,12800,16540,409,2110,143.730234375
290,"2017-06-03",43077,9011,12532,396,1583,171.196759516147
291,"2017-06-04",32158,6735,9307,244,1138,167.766889383816
292,"2017-06-05",39065,8468,10121,298,1235,160.15824279641
293,"2017-06-06",30959,7323,9010,304,1283,147.798170148846
294,"2017-06-07",19012,4702,5534,154,557,154.233943002977
295,"2017-06-08",16821,3794,4567,127,602,173.920400632578
296,"2017-06-09",13275,3135,3591,74,450,158.691228070175
297,"2017-06-10",16978,3981,4888,122,517,147.854559155991
298,"2017-06-11",14782,3604,4237,93,450,148.247502774695
299,"2017-06-12",13273,3044,3591,104,391,156.572273324573
300,"2017-06-13",13039,2995,3450,82,394,150.289816360601
301,"2017-06-14",27005,5712,6823,197,896,162.09506302521
302,"2017-06-15",14453,3246,3864,108,427,162.85089340727
303,"2017-06-16",9877,2407,2842,41,196,142.658496053178
304,"2017-06-17",13306,3012,3771,88,395,153.450199203187
305,"2017-06-18",17198,4100,4949,86,414,153.82512195122
306,"2017-06-19",16784,3822,4673,77,400,159.212977498692
307,"2017-06-20",23569,5729,6865,170,805,141.358177692442
308,"2017-06-21",22421,5528,6417,128,700,142.450795947902
309,"2017-06-22",14269,3258,4027,100,429,151.859729895641
310,"2017-06-23",10918,2584,3070,31,266,142.438080495356
311,"2017-06-24",15388,3312,4098,86,354,147.484903381643
312,"2017-06-25",13706,3327,3714,79,370,144.325518485122
313,"2017-06-26",12658,3027,3615,80,370,156.728444003964
314,"2017-06-27",12560,2944,3541,59,299,154.082201086957
315,"2017-06-28",9969,2283,2582,63,291,161.924660534385
316,"2017-06-29",15165,3639,3840,106,383,154.195658147843
317,"2017-06-30",14768,3418,3554,71,361,160.61761263897
318,"2017-07-01",39945,9122,10009,349,1202,152.871300153475
319,"2017-07-02",26138,6180,6285,173,619,152.377508090615
320,"2017-07-03",19166,4306,4664,153,480,150.236878773804
321,"2017-07-04",22581,5088,5565,171,611,162.94536163522
322,"2017-07-05",11051,2795,2767,42,229,141.433989266547
323,"2017-07-06",9345,2320,2415,43,193,135.646551724138
324,"2017-07-07",8403,2017,2207,37,134,146.492315319782
325,"2017-07-08",11164,2705,3100,38,222,144.673197781885
326,"2017-07-09",11037,2752,3284,56,251,146.844840116279
327,"2017-07-10",9929,2391,2765,41,198,141.800920117106
328,"2017-07-11",8928,2200,2478,49,177,157.730454545455
329,"2017-07-12",11106,2712,3179,77,304,138.522492625369
330,"2017-07-13",10343,2674,2794,49,241,133.921839940165
331,"2017-07-14",8611,2199,2394,48,144,132.567075943611
332,"2017-07-15",10151,2481,2837,40,243,148.864570737606
333,"2017-07-16",10841,2727,3208,56,243,149.42537587092
334,"2017-07-17",9807,2372,2615,54,200,138.648819561551
335,"2017-07-18",12330,2859,2968,75,300,149.391395592865
336,"2017-07-19",70896,14599,20352,496,1816,140.042742653606
337,"2017-07-20",25075,5272,6965,171,603,147.830614567527
338,"2017-07-21",13821,2957,3556,98,337,151.706121068651
339,"2017-07-22",11646,2568,3152,56,246,151.429517133956
340,"2017-07-23",18031,3757,4629,82,394,157.931062017567
341,"2017-07-24",14127,3236,3690,70,282,146.923362175525
342,"2017-07-25",14758,3193,3795,84,336,154.352020043846
343,"2017-07-26",15496,3281,3894,102,411,160.075586711368
344,"2017-07-27",9494,2159,2444,57,183,150.417322834646
345,"2017-07-28",8499,2089,2810,35,134,142.385351842987
346,"2017-07-29",9310,2184,2574,53,158,141.361263736264
347,"2017-07-30",9882,2249,2569,51,198,163.813250333482
348,"2017-07-31",11878,2833,3151,99,315,153.76879632898
349,"2017-08-01",11320,2578,2989,93,325,160.805275407292
350,"2017-08-02",14432,3516,3577,57,249,139.889931740614
351,"2017-08-03",10455,2530,2715,50,187,139.955335968379
352,"2017-08-04",8240,2007,2035,35,122,137.68360737419
353,"2017-08-05",16428,3780,3771,53,277,155.597354497355
354,"2017-08-06",24285,6421,5430,64,319,127.526397757359
355,"2017-08-07",12813,3402,3267,51,215,134.442680776014
356,"2017-08-08",10790,2840,2698,44,170,130.416197183099
357,"2017-08-09",192006,36614,57313,1794,8299,191.034522313869
358,"2017-08-10",79913,15794,24543,813,3273,180.725908572876
359,"2017-08-11",45606,9242,13786,404,1565,177.288790305129
360,"2017-08-12",57475,12221,19842,425,2167,171.019147369282
361,"2017-08-13",44232,9674,14334,310,1561,154.114430432086
362,"2017-08-14",26242,5903,8141,161,834,158.295442995087
363,"2017-08-15",18832,4265,5574,173,593,159.954513481829
364,"2017-08-16",19236,4348,5543,170,675,164.201931922723
365,"2017-08-17",14378,3170,4139,124,448,168.970662460568
366,"2017-08-18",19585,4126,5088,106,574,154.412748424624
367,"2017-08-19",21830,4670,5532,119,490,156.663169164882
368,"2017-08-20",20646,4796,5348,98,455,157.637197664721
369,"2017-08-21",20962,4609,5275,114,502,151.905402473422
370,"2017-08-22",50414,7351,13297,1378,2610,262.444157257516
371,"2017-08-23",17052,3717,4433,258,599,161.892117298897
372,"2017-08-24",11573,2600,2950,70,299,150.364230769231
373,"2017-08-25",10417,2358,2865,56,264,153.078032230704
374,"2017-08-26",13256,2778,3835,46,351,155.133549316055
375,"2017-08-27",12924,3260,2952,80,309,132.696932515337
376,"2017-08-28",13804,3327,3379,73,324,145.290051097084
377,"2017-08-29",13439,2969,3463,70,338,150.155944762546
378,"2017-08-30",35137,6604,9018,717,1547,189.039975772259
379,"2017-08-31",18308,3577,4847,276,710,186.111545988258
380,"2017-09-01",13775,2901,3626,153,417,163.975180972079
381,"2017-09-02",13536,3085,3651,131,370,148.257050243112
382,"2017-09-03",24082,4811,6075,442,893,182.287466223238
383,"2017-09-04",10296,2698,2656,78,258,131.628613787991
384,"2017-09-05",8066,2063,2096,29,157,145.438196800776
385,"2017-09-06",9489,2676,2317,28,165,123.819880418535
386,"2017-09-07",9802,2311,2399,34,217,140.410644742536
387,"2017-09-08",7940,1802,1945,45,200,150.793562708102
388,"2017-09-09",10197,2350,2533,53,253,151.565531914894
389,"2017-09-10",9082,2171,2332,31,202,140.153846153846
390,"2017-09-11",7862,1937,1839,39,164,137.904491481673
391,"2017-09-12",8440,2011,2084,23,198,137.926404773744
392,"2017-09-13",14326,2918,3766,242,706,177.185743660041
393,"2017-09-14",15160,3394,4226,164,605,160.647318797879
394,"2017-09-15",10452,2121,2887,82,400,172.442244224422
395,"2017-09-16",11966,2559,3049,63,317,159.468933177022
396,"2017-09-17",9428,2269,2333,84,280,144.32921992067
397,"2017-09-18",7173,1676,1713,39,166,161.596658711217
398,"2017-09-19",6252,1477,1575,36,152,146.634394041977
399,"2017-09-20",6524,1655,1639,23,158,138.950453172205
400,"2017-09-21",5790,1374,1396,31,132,142.136826783115
401,"2017-09-22",7213,1663,1737,64,190,150.670475045099
402,"2017-09-23",8082,1786,2022,49,201,161.425531914894
403,"2017-09-24",8558,2076,2149,42,224,138.950867052023
404,"2017-09-25",6828,1528,1833,40,171,154.647251308901
405,"2017-09-26",6391,1572,1670,27,125,130.393765903308
406,"2017-09-27",9012,2421,2301,59,246,142.250722841801
407,"2017-09-28",6635,1623,1625,46,181,141.069008009858
408,"2017-09-29",9138,2744,3105,34,193,108.325437317784
409,"2017-09-30",12212,3417,4102,58,352,120.202809482002
410,"2017-10-01",11901,3126,2931,58,231,126.629558541267
411,"2017-10-02",8599,2144,2122,38,155,155.974813432836
412,"2017-10-03",10587,2574,2402,38,175,138.327894327894
413,"2017-10-04",136682,26133,40927,927,4434,187.271074886159
414,"2017-10-05",52135,10870,15305,329,1624,166.784268629255
415,"2017-10-06",28159,5755,8287,185,884,178.493310165074
416,"2017-10-07",21090,4295,5894,125,652,171.277066356228
417,"2017-10-08",23372,5100,6037,126,587,158.115882352941
418,"2017-10-09",14653,3254,3791,107,383,150.823294406884
419,"2017-10-10",14036,3006,3809,105,370,157.16500332668
420,"2017-10-11",19833,4435,5016,100,524,153.427282976325
421,"2017-10-12",14193,3042,3668,93,352,153.05161078238
422,"2017-10-13",12242,2595,3041,54,337,166.284007707129
423,"2017-10-14",12898,2713,3292,67,323,151.842978252857
424,"2017-10-15",12794,2860,3393,92,357,156.406293706294
425,"2017-10-16",14340,3160,3451,65,293,149.398101265823
426,"2017-10-17",17833,3748,4359,77,358,138.192636072572
427,"2017-10-18",12851,2964,3119,70,274,140.62685560054
428,"2017-10-19",11253,2327,2864,53,320,162.732703051139
429,"2017-10-20",11976,2483,2960,57,217,163.237213048731
430,"2017-10-21",11441,2462,2803,34,232,150.10641754671
431,"2017-10-22",10986,2746,2658,59,234,141.037873270211
432,"2017-10-23",12001,3063,3479,51,264,125.984002611818
433,"2017-10-24",10482,2914,3255,48,241,127.479752916953
434,"2017-10-25",9209,2409,2489,28,220,138.790369447904
435,"2017-10-26",6573,1657,1770,30,92,137.513578756789
436,"2017-10-27",6182,1596,1611,25,104,142.912280701754
437,"2017-10-28",10108,2366,2607,48,175,150.241758241758
438,"2017-10-29",11706,2950,3250,58,276,136.619661016949
439,"2017-10-30",11450,2765,2681,48,200,141.726582278481
440,"2017-10-31",9290,2346,2564,38,189,146.233589087809
441,"2017-11-01",9834,2537,2568,46,218,137.260543949547
442,"2017-11-02",7224,1722,1854,43,172,151.802555168409
443,"2017-11-03",7749,1705,2012,28,218,155.98651026393
444,"2017-11-04",9558,2236,2661,24,205,140.951699463327
445,"2017-11-05",9146,2478,2524,26,178,137.901533494754
446,"2017-11-06",10154,2459,2637,47,270,153.811305408703
447,"2017-11-07",7795,1958,2124,28,128,140.23442288049
448,"2017-11-08",8946,2440,2153,36,171,133.195081967213
449,"2017-11-09",9523,2370,2213,21,172,134.972151898734
450,"2017-11-10",8921,2215,2030,20,90,128.000902934537
451,"2017-11-11",9154,2051,2211,34,165,146.36470014627
452,"2017-11-12",9430,2364,2424,62,231,144.374365482234
453,"2017-11-13",8994,2170,2066,29,161,131.014285714286
454,"2017-11-14",8258,1988,2020,29,145,138.153923541247
455,"2017-11-15",74205,15677,23991,440,2033,166.320979779295
456,"2017-11-16",33428,7167,10015,207,835,163.590484163527
457,"2017-11-17",20211,4210,5939,117,488,164.797387173397
458,"2017-11-18",15498,3271,4269,74,404,164.402629165393
459,"2017-11-19",12511,2758,3444,85,305,154.205946337926
460,"2017-11-20",9773,2356,2862,35,243,155.937181663837
461,"2017-11-21",10962,2663,3123,49,221,143.499061209163
462,"2017-11-22",12715,3302,3156,34,279,147.044518473652
463,"2017-11-23",55423,9251,13529,780,2220,226.426656577667
464,"2017-11-24",17184,3192,4560,182,474,194.27380952381
465,"2017-11-25",12107,2432,3113,101,367,179.226973684211
466,"2017-11-26",45760,7324,9708,990,1616,215.794920808301
467,"2017-11-27",19929,3630,4450,300,606,176.753168044077
468,"2017-11-28",8579,2020,2053,45,178,128.219801980198
469,"2017-11-29",7091,1709,1677,33,125,141.650672908133
470,"2017-11-30",160544,45385,21164,141,865,111.613925305718
471,"2017-12-01",121365,35921,16117,124,598,105.621697614209
472,"2017-12-02",66742,19560,9105,98,472,107.418098159509
473,"2017-12-03",41724,12522,6736,56,331,110.526912633765
474,"2017-12-04",37002,11208,5874,51,270,105.602605281941
475,"2017-12-05",27043,8215,4340,43,238,108.590261716372
476,"2017-12-06",19264,5769,3168,51,205,111.785231409256
477,"2017-12-07",14419,5131,3322,30,128,85.8423309296433
478,"2017-12-08",10987,3081,1972,33,123,121.966893865628
479,"2017-12-09",10023,2723,2045,41,157,127.135512302607
480,"2017-12-10",10544,3046,2030,41,146,118.364412344058
481,"2017-12-11",10651,2874,2117,53,181,131.854558107168
482,"2017-12-12",8540,2310,1705,35,129,118.67619047619
483,"2017-12-13",9766,2617,1984,29,161,128.160871226595
484,"2017-12-14",7644,2014,1627,35,120,130.803872889772
485,"2017-12-15",6725,1750,1378,30,113,128.049714285714
486,"2017-12-16",6379,1786,1236,14,52,111.675811870101
487,"2017-12-17",7745,2164,1789,44,122,125.207024029575
488,"2017-12-18",6252,1710,1375,23,105,131.457894736842
489,"2017-12-19",7209,1998,1358,27,93,117.342842842843
490,"2017-12-20",7305,2045,1658,17,117,114.306112469438
491,"2017-12-21",5330,1370,1287,31,83,120.086131386861
492,"2017-12-22",4206,1112,916,16,88,137.729316546763
493,"2017-12-23",4523,1200,1006,17,79,124.1625
494,"2017-12-24",3678,996,863,19,64,125.503012048193
495,"2017-12-25",4779,1195,1142,22,99,125.102092050209
496,"2017-12-26",4907,1307,1120,15,55,129.94338179036
497,"2017-12-27",6325,1640,1532,39,133,132.906097560976
498,"2017-12-28",4924,1278,1123,14,71,142.950704225352
499,"2017-12-29",4707,1219,1207,12,74,134.738310090238
500,"2017-12-30",5117,1327,1129,8,43,119.118311981914
501,"2017-12-31",3313,976,724,5,25,118.181352459016
502,"2018-01-01",4848,1115,1072,12,87,141.993721973094
503,"2018-01-02",4502,1174,1064,16,65,136.523850085179
504,"2018-01-03",4212,1202,1004,23,58,117.663893510815
505,"2018-01-04",6566,1743,1684,13,104,126.460699942628
506,"2018-01-05",4698,1296,1183,6,61,116.053240740741
507,"2018-01-06",5083,1251,1148,17,104,145.871302957634
508,"2018-01-07",4904,1379,1138,14,73,105.242929659173
509,"2018-01-08",4402,1143,980,17,133,144.043744531933
510,"2018-01-09",6558,1987,1260,9,83,95.9315551082033
511,"2018-01-10",23177,6075,5570,336,959,128.177942386831
512,"2018-01-11",10719,2881,2553,82,352,121.09580006942
513,"2018-01-12",7551,1918,1647,47,176,130.230969760167
514,"2018-01-13",7187,1864,1474,30,159,122.653433476395
515,"2018-01-14",7927,2071,1890,57,257,135.422501207146
516,"2018-01-15",6482,1710,1388,35,218,124.854385964912
517,"2018-01-16",6742,1735,1542,36,258,131.138904899135
518,"2018-01-17",6679,1779,1561,22,206,108.281056773468
519,"2018-01-18",5723,1504,1205,18,101,136.996675531915
520,"2018-01-19",6243,1579,1293,27,171,140.096263457885
521,"2018-01-20",7976,2273,2082,21,200,110.032996040475
522,"2018-01-21",9588,2510,2295,31,219,123.003585657371
523,"2018-01-22",6614,1788,1403,30,136,130.555369127517
524,"2018-01-23",17198,4186,3578,38,469,135.548972766364
525,"2018-01-24",8321,2177,2016,56,308,132.095084979329
526,"2018-01-25",5529,1375,1301,40,203,123.490909090909
527,"2018-01-26",5325,1336,1251,17,110,144.741766467066
528,"2018-01-27",6187,1506,1461,27,186,130.917662682603
529,"2018-01-28",5038,1237,1089,27,103,127.45432497979
530,"2018-01-29",9687,2121,2645,170,679,164.504479019331
531,"2018-01-30",8312,1875,2124,141,483,162.706133333333
532,"2018-01-31",25201,3927,6676,494,1911,243.064425770308
533,"2018-02-01",21523,3615,5389,376,1162,200.362102351314
534,"2018-02-02",8166,1907,1881,45,270,127.882538017829
535,"2018-02-03",6585,1589,1427,35,173,132.586532410321
536,"2018-02-04",10646,2443,2456,70,278,150.19770773639
537,"2018-02-05",8751,1946,1942,98,297,148.821685508736
538,"2018-02-06",6294,1465,1342,41,181,137.755631399317
539,"2018-02-07",8135,2133,1956,45,312,136.420534458509
540,"2018-02-08",5798,1366,1353,56,237,141.05270863836
541,"2018-02-09",6045,1312,1407,43,248,154.662347560976
542,"2018-02-10",5312,1253,1207,27,151,139.406225059856
543,"2018-02-11",7341,1822,1752,77,375,137.515916575192
544,"2018-02-12",7114,1614,1599,49,232,143.836431226766
545,"2018-02-13",6169,1387,1445,35,214,149.5010814708
546,"2018-02-14",6145,1379,1580,36,205,165.91950688905
547,"2018-02-15",4833,1080,1185,19,134,183.374074074074
548,"2018-02-16",4744,1086,1082,45,193,152.08379373849
549,"2018-02-17",5039,1133,1211,22,198,152.59841129744
550,"2018-02-18",16492,3283,4084,199,704,178.789217179409
551,"2018-02-19",14731,3469,3643,71,387,133.947823580282
552,"2018-02-20",9612,2222,2173,46,276,137.633663366337
553,"2018-02-21",6466,1497,1437,27,202,149.22244488978
554,"2018-02-22",5120,1159,1373,47,200,139.04745470233
555,"2018-02-23",5321,1195,1286,19,161,152.13640167364
556,"2018-02-24",5964,1360,1377,28,183,132.208088235294
557,"2018-02-25",10961,2335,2328,76,329,172.962740899358
558,"2018-02-26",6329,1354,1410,38,253,153.225258493353
559,"2018-02-27",5258,1139,1186,39,171,157.760316066725
560,"2018-02-28",7249,1609,1510,45,246,163.479801118707
561,"2018-03-01",7307,1492,1687,81,363,183.64745308311
562,"2018-03-02",10583,2104,2411,55,297,162.210076045627
563,"2018-03-03",9802,1875,2438,57,445,174.6608
564,"2018-03-04",15294,3391,3591,175,650,177.460041285756
565,"2018-03-05",8260,1736,1813,68,309,199.994239631336
566,"2018-03-06",6484,1313,1582,49,237,207.123381568926
567,"2018-03-07",6336,1228,1463,43,216,226.342833876222
568,"2018-03-08",14874,2165,3372,373,867,295.965357967667
569,"2018-03-09",6128,1305,1325,74,205,170.95938697318
570,"2018-03-10",6119,1293,1456,42,318,155.290023201856
571,"2018-03-11",7686,1744,1847,30,172,182.467889908257
572,"2018-03-12",6616,1518,1417,51,275,178.623188405797
573,"2018-03-13",6478,1371,1511,44,176,219.700218818381
574,"2018-03-14",111819,23993,30557,430,2689,163.716917434252
575,"2018-03-15",45116,10124,12928,216,1371,166.226985381272
576,"2018-03-16",30612,6843,8252,173,871,154.030396025135
577,"2018-03-17",28923,6405,7794,152,879,164.537080405933
578,"2018-03-18",8494,2119,2245,35,240,151.055917986952
